feature,value,contribution
PowerVsSchedule,0.0,0.3484738094371465
RecentWinPercDiff,0.0,0.20908214886587695
SoSDiff,0.0,0.1905355692644078
DefenseDiff,-1.0,-0.13123341985961665
PunchAccDiff,-1.0,-0.080730463770552
ReachDiff,9.0,0.07823410243317931
RecentFormWeighted,0.0,0.04755238997945694
TimeSinceDiff,0.0,-0.04231982327548707
AgeDiff,4.0,-0.036811015862017044
KODiff,0.12,0.01853278367336953
